matrix,snapshot,side,label,auc,n_events,B_nat_n,B_nat_cum_r,B_nat_avg_r,B_nat_win,B_nat_dd,B_nat_yrs_pos,B_rev_n,B_rev_cum_r,B_rev_avg_r,B_rev_win,B_rev_dd,B_rev_yrs_pos,D_n,D_cum_r,D_avg_r,D_win,winning_dir,winning_cum_r,winning_avg_r,winning_yrs_pos,D_cum_r_aligned,is_type_b,skip_reason
opening_gap_snapshots_xctx_gapctx_obgeom_liqgeom_regime,at_fire,gap_up,label.next_240m.range_expanded_1x_gap,0.9739,2319.0000,1563.0000,16.7663,0.0107,0.5240,57.7755,3.0000,1563.0000,5.1753,0.0033,0.4619,32.4250,3.0000,154.0000,-4.5687,-0.0297,0.4935,natural,16.7663,0.0107,3.0000,-4.5687,False,
opening_gap_snapshots_xctx_gapctx_obgeom_liqgeom_regime,at_fire,all,label.next_240m.range_expanded_2x_gap,0.9729,4277.0000,2850.0000,3.1742,0.0011,0.5011,61.0822,3.0000,2850.0000,14.4345,0.0051,0.4825,38.2254,3.0000,281.0000,0.4422,0.0016,0.4769,reversed,14.4345,0.0051,3.0000,-0.4422,False,
smt_previous_day_snapshots_xctx_fvggeom_obgeom_liqgeom_regime,at_period_close,high,label.n1_close_moved_with_thesis,0.9688,699.0000,501.0000,-174.7555,-0.3488,0.2675,175.5287,0.0000,501.0000,165.9648,0.3313,0.6188,4.5872,6.0000,51.0000,-18.2464,-0.3578,0.1961,reversed,165.9648,0.3313,6.0000,18.2464,False,
smt_previous_day_snapshots_xctx_fvggeom_obgeom_liqgeom_regime,at_period_close,high,label.n1_primary_took_period_n_high,0.9673,699.0000,501.0000,-174.7555,-0.3488,0.2675,175.5287,0.0000,501.0000,165.9648,0.3313,0.6188,4.5872,6.0000,51.0000,-18.2464,-0.3578,0.1961,reversed,165.9648,0.3313,6.0000,18.2464,False,
macro_event_type_breakdown,at_fire,high,label.next_5m.range_expanded_2x_pre_15m,0.9665,,,,,,,,,,,,,,,,,,,,,,,,err:FileNotFoundError
smt_previous_day_snapshots_xctx_fvggeom,at_period_close,high,label.n1_thesis_confirmed_strict,0.9642,699.0000,501.0000,-174.7555,-0.3488,0.2675,175.5287,0.0000,501.0000,165.9648,0.3313,0.6188,4.5872,6.0000,51.0000,-18.2464,-0.3578,0.1961,reversed,165.9648,0.3313,6.0000,18.2464,False,
opening_gap_snapshots_xctx_gapctx_obgeom_liqgeom_regime,at_fire,all,label.next_1d.range_expanded_2x_gap,0.9613,4277.0000,2850.0000,3.1742,0.0011,0.5011,61.0822,3.0000,2850.0000,14.4345,0.0051,0.4825,38.2254,3.0000,281.0000,0.4422,0.0016,0.4769,reversed,14.4345,0.0051,3.0000,-0.4422,False,
smt_previous_day_snapshots_xctx_fvggeom_obgeom_liqgeom_regime,at_period_close,high,label.n1_primary_took_period_n_low,0.9607,699.0000,501.0000,-174.7555,-0.3488,0.2675,175.5287,0.0000,501.0000,165.9648,0.3313,0.6188,4.5872,6.0000,51.0000,-18.2464,-0.3578,0.1961,reversed,165.9648,0.3313,6.0000,18.2464,False,
smt_previous_day_snapshots_xctx_fvggeom_obgeom_liqgeom_regime,at_period_close,high,label.n1_thesis_confirmed_strict,0.9607,699.0000,501.0000,-174.7555,-0.3488,0.2675,175.5287,0.0000,501.0000,165.9648,0.3313,0.6188,4.5872,6.0000,51.0000,-18.2464,-0.3578,0.1961,reversed,165.9648,0.3313,6.0000,18.2464,False,
smt_previous_day_snapshots_xctx_fvggeom_obgeom_liqgeom_regime,at_period_close,all,label.n1_primary_took_period_n_low,0.9601,1349.0000,960.0000,-279.4969,-0.2911,0.3125,280.2581,0.0000,960.0000,344.4130,0.3588,0.5938,5.4873,6.0000,96.0000,-37.6453,-0.3921,0.2708,reversed,344.4130,0.3588,6.0000,37.6453,True,
smt_previous_day_snapshots_xctx_fvggeom,at_period_close,low,label.n1_thesis_confirmed_strict,0.9592,650.0000,459.0000,-104.7415,-0.2282,0.3617,106.1642,0.0000,459.0000,178.4481,0.3888,0.5664,7.3391,6.0000,42.0000,-10.6434,-0.2534,0.3810,reversed,178.4481,0.3888,6.0000,10.6434,False,
smt_previous_day_snapshots_xctx_fvggeom_obgeom_liqgeom_regime,at_period_close,all,label.n1_primary_took_period_n_high,0.9581,1349.0000,960.0000,-279.4969,-0.2911,0.3125,280.2581,0.0000,960.0000,344.4130,0.3588,0.5938,5.4873,6.0000,96.0000,-37.6453,-0.3921,0.2708,reversed,344.4130,0.3588,6.0000,37.6453,True,
smt_previous_day_snapshots_xctx_fvggeom_obgeom_liqgeom_regime,at_period_close,low,label.n1_primary_took_period_n_low,0.9575,650.0000,459.0000,-104.7415,-0.2282,0.3617,106.1642,0.0000,459.0000,178.4481,0.3888,0.5664,7.3391,6.0000,42.0000,-10.6434,-0.2534,0.3810,reversed,178.4481,0.3888,6.0000,10.6434,False,
smt_previous_day_snapshots_xctx_fvggeom,at_period_close,all,label.n1_thesis_confirmed_strict,0.9549,1349.0000,960.0000,-279.4969,-0.2911,0.3125,280.2581,0.0000,960.0000,344.4130,0.3588,0.5938,5.4873,6.0000,96.0000,-37.6453,-0.3921,0.2708,reversed,344.4130,0.3588,6.0000,37.6453,True,
opening_gap_snapshots_xctx_gapctx_obgeom_liqgeom_regime,at_fire,all,label.next_60m.range_expanded_2x_gap,0.9525,4277.0000,2850.0000,3.1742,0.0011,0.5011,61.0822,3.0000,2850.0000,14.4345,0.0051,0.4825,38.2254,3.0000,281.0000,0.4422,0.0016,0.4769,reversed,14.4345,0.0051,3.0000,-0.4422,False,
forming_vp_snapshots_xctx_gapctx,at_fire,all,label.rest_of_day.range_expanded_1x_profile_so_far,0.9503,22922.0000,15260.0000,-413.9513,-0.0271,0.3854,474.3507,1.0000,15259.0000,593.5152,0.0389,0.4345,95.5564,4.0000,1500.0000,-19.0029,-0.0127,0.3973,reversed,593.5152,0.0389,4.0000,19.0029,False,
forming_vp_snapshots_xctx,at_fire,all,label.rest_of_day.range_expanded_1x_profile_so_far,0.9492,22922.0000,15260.0000,-413.9513,-0.0271,0.3854,474.3507,1.0000,15259.0000,593.5152,0.0389,0.4345,95.5564,4.0000,1500.0000,-19.0029,-0.0127,0.3973,reversed,593.5152,0.0389,4.0000,19.0029,False,
opening_gap_snapshots_xctx_gapctx_obgeom_liqgeom_regime,at_fire,all,label.next_60m.resistance_rejection_3bar,0.9470,4277.0000,2850.0000,3.1742,0.0011,0.5011,61.0822,3.0000,2850.0000,14.4345,0.0051,0.4825,38.2254,3.0000,281.0000,0.4422,0.0016,0.4769,reversed,14.4345,0.0051,3.0000,-0.4422,False,
smt_previous_day_snapshots_xctx_fvggeom_obgeom_liqgeom_regime,at_period_close,all,label.n1_close_moved_with_thesis,0.9459,1349.0000,960.0000,-279.4969,-0.2911,0.3125,280.2581,0.0000,960.0000,344.4130,0.3588,0.5938,5.4873,6.0000,96.0000,-37.6453,-0.3921,0.2708,reversed,344.4130,0.3588,6.0000,37.6453,True,
forming_vp_snapshots_xctx_gapctx,at_fire,buying,label.rest_of_day.range_expanded_1x_profile_so_far,0.9435,5814.0000,3910.0000,154.5498,0.0395,0.4394,50.4314,4.0000,3910.0000,-70.9747,-0.0182,0.3829,171.8032,3.0000,400.0000,8.3758,0.0209,0.4400,natural,154.5498,0.0395,4.0000,8.3758,False,
forming_vp_snapshots_xctx,at_fire,buying,label.rest_of_day.range_expanded_1x_profile_so_far,0.9433,5814.0000,3910.0000,154.5498,0.0395,0.4394,50.4314,4.0000,3910.0000,-70.9747,-0.0182,0.3829,171.8032,3.0000,400.0000,8.3758,0.0209,0.4400,natural,154.5498,0.0395,4.0000,8.3758,False,
forming_vp_snapshots_xctx,at_fire,selling,label.rest_of_day.range_expanded_1x_profile_so_far,0.9431,4192.0000,2747.0000,-4.2639,-0.0016,0.4052,73.8985,3.0000,2746.0000,29.9874,0.0109,0.4312,42.7394,3.0000,294.0000,10.1608,0.0346,0.4150,reversed,29.9874,0.0109,3.0000,-10.1608,False,
forming_vp_snapshots_xctx_gapctx,at_fire,selling,label.rest_of_day.range_expanded_1x_profile_so_far,0.9424,4192.0000,2747.0000,-4.2639,-0.0016,0.4052,73.8985,3.0000,2746.0000,29.9874,0.0109,0.4312,42.7394,3.0000,294.0000,10.1608,0.0346,0.4150,reversed,29.9874,0.0109,3.0000,-10.1608,False,
macro_event_type_breakdown,at_fire,high,label.next_15m.range_expanded_2x_pre_60m,0.9249,,,,,,,,,,,,,,,,,,,,,,,,err:FileNotFoundError
forming_vp_snapshots_xctx_gapctx,at_fire,selling,label.next_60m.took_profile_so_far_high,0.9178,4192.0000,2747.0000,-4.2639,-0.0016,0.4052,73.8985,3.0000,2746.0000,29.9874,0.0109,0.4312,42.7394,3.0000,294.0000,10.1608,0.0346,0.4150,reversed,29.9874,0.0109,3.0000,-10.1608,False,
opening_gap_snapshots_xctx_gapctx_obgeom_liqgeom_regime,at_fire,all,label.next_60m.support_rejection_3bar,0.9176,4277.0000,2850.0000,3.1742,0.0011,0.5011,61.0822,3.0000,2850.0000,14.4345,0.0051,0.4825,38.2254,3.0000,281.0000,0.4422,0.0016,0.4769,reversed,14.4345,0.0051,3.0000,-0.4422,False,
vp_snapshots_xctx,at_fire,buying,label.vah_touch.resistance_break_acceptance_3bar,0.9175,4463.0000,3037.0000,1013.3367,0.3337,0.5617,13.5307,6.0000,3037.0000,-900.0198,-0.2964,0.2855,903.4201,0.0000,307.0000,112.6697,0.3670,0.6026,natural,1013.3367,0.3337,6.0000,112.6697,True,
vp_snapshots_xctx,at_fire,selling,label.vah_touch.resistance_break_acceptance_3bar,0.9162,3226.0000,2165.0000,638.2928,0.2948,0.5289,11.8804,6.0000,2165.0000,-598.0997,-0.2763,0.3173,599.8063,0.0000,217.0000,71.4139,0.3291,0.5300,natural,638.2928,0.2948,6.0000,71.4139,True,
forming_vp_snapshots_xctx,at_fire,selling,label.next_60m.took_profile_so_far_high,0.9149,4192.0000,2747.0000,-4.2639,-0.0016,0.4052,73.8985,3.0000,2746.0000,29.9874,0.0109,0.4312,42.7394,3.0000,294.0000,10.1608,0.0346,0.4150,reversed,29.9874,0.0109,3.0000,-10.1608,False,
sweep_snapshots_xctx_fvggeom_obgeom_liqgeom_regime,at_fire,low,label.manipulation_range_reaction.range_expanded_2x_manipulation,0.9139,10006.0000,6564.0000,-1568.3639,-0.2389,0.3510,1568.9881,0.0000,6564.0000,2192.0893,0.3340,0.5105,25.1509,6.0000,676.0000,-187.5324,-0.2774,0.3269,reversed,2192.0893,0.3340,6.0000,187.5324,True,
sweep_snapshots_xctx_fvggeom_obgeom_liqgeom_regime,at_fire,all,label.manipulation_range_reaction.range_expanded_2x_manipulation,0.9135,21836.0000,14541.0000,-3187.3355,-0.2192,0.3439,3193.8541,0.0000,14541.0000,4362.0458,0.3000,0.5251,25.9198,6.0000,1464.0000,-309.7415,-0.2116,0.3525,reversed,4362.0458,0.3000,6.0000,309.7415,True,
vp_snapshots_xctx,at_fire,all,label.vah_touch.resistance_rejection_3bar,0.9078,15978.0000,10648.0000,-254.5697,-0.0239,0.3968,291.9839,2.0000,10648.0000,330.1246,0.0310,0.4464,119.2313,5.0000,1059.0000,-52.0636,-0.0492,0.3768,reversed,330.1246,0.0310,5.0000,52.0636,False,
forming_vp_snapshots_xctx_gapctx,at_fire,buying,label.next_60m.took_profile_so_far_low,0.9041,5811.0000,3910.0000,154.5498,0.0395,0.4394,50.4314,4.0000,3910.0000,-70.9747,-0.0182,0.3829,171.8032,3.0000,399.0000,-11.4253,-0.0286,0.4211,natural,154.5498,0.0395,4.0000,-11.4253,False,
vp_snapshots_xctx,at_fire,buying,label.vah_touch.resistance_rejection_3bar,0.9039,4463.0000,3037.0000,1013.3367,0.3337,0.5617,13.5307,6.0000,3037.0000,-900.0198,-0.2964,0.2855,903.4201,0.0000,307.0000,112.6697,0.3670,0.6026,natural,1013.3367,0.3337,6.0000,112.6697,True,
macro_event_type_breakdown,at_fire,all,label.next_15m.range_expanded_2x_pre_60m,0.9032,,,,,,,,,,,,,,,,,,,,,,,,err:FileNotFoundError
vp_snapshots_xctx,at_fire,all,label.vah_touch.resistance_break_acceptance_3bar,0.9030,15978.0000,10648.0000,-254.5697,-0.0239,0.3968,291.9839,2.0000,10648.0000,330.1246,0.0310,0.4464,119.2313,5.0000,1059.0000,-52.0636,-0.0492,0.3768,reversed,330.1246,0.0310,5.0000,52.0636,False,
sweep_snapshots_xctx_fvggeom_obgeom_liqgeom_regime,at_fire,high,label.ob_confirmation.did_confirm,0.9012,11830.0000,7977.0000,-1618.9715,-0.2030,0.3381,1625.6570,0.0000,7977.0000,2169.9565,0.2720,0.5370,16.4537,6.0000,787.0000,-128.6681,-0.1635,0.3482,reversed,2169.9565,0.2720,6.0000,128.6681,True,
sweep_snapshots_xctx_fvggeom_obgeom_liqgeom_regime,at_fire,high,label.manipulation_range_reaction.range_expanded_2x_manipulation,0.9000,11830.0000,7977.0000,-1618.9715,-0.2030,0.3381,1625.6570,0.0000,7977.0000,2169.9565,0.2720,0.5370,16.4537,6.0000,787.0000,-128.6681,-0.1635,0.3482,reversed,2169.9565,0.2720,6.0000,128.6681,True,
forming_vp_snapshots_xctx,at_fire,buying,label.next_60m.took_profile_so_far_low,0.8991,5811.0000,3910.0000,154.5498,0.0395,0.4394,50.4314,4.0000,3910.0000,-70.9747,-0.0182,0.3829,171.8032,3.0000,399.0000,-11.4253,-0.0286,0.4211,natural,154.5498,0.0395,4.0000,-11.4253,False,
sweep_snapshots_xctx_fvggeom,at_fire,high,label.ob_confirmation.did_confirm,0.8990,11830.0000,7977.0000,-1618.9715,-0.2030,0.3381,1625.6570,0.0000,7977.0000,2169.9565,0.2720,0.5370,16.4537,6.0000,787.0000,-128.6681,-0.1635,0.3482,reversed,2169.9565,0.2720,6.0000,128.6681,True,
sweep_snapshots_xctx_fvggeom_obgeom,at_fire,high,label.ob_confirmation.did_confirm,0.8983,11830.0000,7977.0000,-1618.9715,-0.2030,0.3381,1625.6570,0.0000,7977.0000,2169.9565,0.2720,0.5370,16.4537,6.0000,787.0000,-128.6681,-0.1635,0.3482,reversed,2169.9565,0.2720,6.0000,128.6681,True,
sweep_snapshots_xctx_fvggeom_obgeom,at_fire,all,label.ob_confirmation.did_confirm,0.8973,21836.0000,14541.0000,-3187.3355,-0.2192,0.3439,3193.8541,0.0000,14541.0000,4362.0458,0.3000,0.5251,25.9198,6.0000,1464.0000,-309.7415,-0.2116,0.3525,reversed,4362.0458,0.3000,6.0000,309.7415,True,
sweep_snapshots_xctx_fvggeom,at_fire,all,label.ob_confirmation.did_confirm,0.8963,21836.0000,14541.0000,-3187.3355,-0.2192,0.3439,3193.8541,0.0000,14541.0000,4362.0458,0.3000,0.5251,25.9198,6.0000,1464.0000,-309.7415,-0.2116,0.3525,reversed,4362.0458,0.3000,6.0000,309.7415,True,
sweep_snapshots_xctx_fvggeom_obgeom_liqgeom_regime,at_fire,all,label.ob_confirmation.did_confirm,0.8952,21836.0000,14541.0000,-3187.3355,-0.2192,0.3439,3193.8541,0.0000,14541.0000,4362.0458,0.3000,0.5251,25.9198,6.0000,1464.0000,-309.7415,-0.2116,0.3525,reversed,4362.0458,0.3000,6.0000,309.7415,True,
fvg_snapshots_xctx_fvggeom_obgeom,at_fire,all,label.zone_reaction.took_fvg_high,0.8905,106036.0000,69244.0000,10404.2763,0.1503,0.4884,90.9709,6.0000,69246.0000,-9419.0135,-0.1360,0.3654,9418.2245,0.0000,6907.0000,982.9432,0.1423,0.4811,natural,10404.2763,0.1503,6.0000,982.9432,True,
forming_vp_snapshots_xctx_gapctx,at_fire,all,label.next_60m.took_profile_so_far_high,0.8883,22912.0000,15260.0000,-413.9513,-0.0271,0.3854,474.3507,1.0000,15259.0000,593.5152,0.0389,0.4345,95.5564,4.0000,1497.0000,-42.0696,-0.0281,0.3921,reversed,593.5152,0.0389,4.0000,42.0696,False,
smt_previous_day_snapshots_xctx_fvggeom,at_period_close,high,label.n1_or_n2_thesis_confirmed_strict,0.8873,699.0000,501.0000,-174.7555,-0.3488,0.2675,175.5287,0.0000,501.0000,165.9648,0.3313,0.6188,4.5872,6.0000,51.0000,-18.2464,-0.3578,0.1961,reversed,165.9648,0.3313,6.0000,18.2464,False,
forming_vp_snapshots_xctx,at_fire,all,label.next_60m.took_profile_so_far_high,0.8871,22912.0000,15260.0000,-413.9513,-0.0271,0.3854,474.3507,1.0000,15259.0000,593.5152,0.0389,0.4345,95.5564,4.0000,1497.0000,-42.0696,-0.0281,0.3921,reversed,593.5152,0.0389,4.0000,42.0696,False,
macro_event_snapshots_xctx,at_fire,all,label.next_15m.range_expanded_2x_pre_60m,0.8871,7041.0000,4690.0000,-161.8486,-0.0345,0.3753,223.6018,1.0000,4690.0000,234.0572,0.0499,0.4433,77.4219,5.0000,468.0000,4.9905,0.0107,0.3953,reversed,234.0572,0.0499,5.0000,-4.9905,False,
vp_snapshots_xctx,at_fire,buying,label.vwap_touch.resistance_break_acceptance_3bar,0.8869,4463.0000,3037.0000,1013.3367,0.3337,0.5617,13.5307,6.0000,3037.0000,-900.0198,-0.2964,0.2855,903.4201,0.0000,307.0000,112.6697,0.3670,0.6026,natural,1013.3367,0.3337,6.0000,112.6697,True,
vp_snapshots_xctx,at_fire,buying,label.vwap_touch.resistance_rejection_3bar,0.8863,4463.0000,3037.0000,1013.3367,0.3337,0.5617,13.5307,6.0000,3037.0000,-900.0198,-0.2964,0.2855,903.4201,0.0000,307.0000,112.6697,0.3670,0.6026,natural,1013.3367,0.3337,6.0000,112.6697,True,
smt_previous_day_snapshots_xctx_fvggeom,at_period_close,all,label.n1_or_n2_thesis_confirmed_strict,0.8848,1349.0000,960.0000,-279.4969,-0.2911,0.3125,280.2581,0.0000,960.0000,344.4130,0.3588,0.5938,5.4873,6.0000,96.0000,-37.6453,-0.3921,0.2708,reversed,344.4130,0.3588,6.0000,37.6453,True,
forming_vp_snapshots_xctx_gapctx,at_fire,buying,label.next_60m.took_profile_so_far_low_rejected_inside,0.8829,5811.0000,3910.0000,154.5498,0.0395,0.4394,50.4314,4.0000,3910.0000,-70.9747,-0.0182,0.3829,171.8032,3.0000,399.0000,-11.4253,-0.0286,0.4211,natural,154.5498,0.0395,4.0000,-11.4253,False,
sweep_snapshots_xctx_fvggeom_obgeom_liqgeom_regime,at_fire,low,label.ob_confirmation.did_confirm,0.8802,10006.0000,6564.0000,-1568.3639,-0.2389,0.3510,1568.9881,0.0000,6564.0000,2192.0893,0.3340,0.5105,25.1509,6.0000,676.0000,-187.5324,-0.2774,0.3269,reversed,2192.0893,0.3340,6.0000,187.5324,True,
forming_vp_snapshots_xctx,at_fire,buying,label.next_60m.took_profile_so_far_low_rejected_inside,0.8782,5811.0000,3910.0000,154.5498,0.0395,0.4394,50.4314,4.0000,3910.0000,-70.9747,-0.0182,0.3829,171.8032,3.0000,399.0000,-11.4253,-0.0286,0.4211,natural,154.5498,0.0395,4.0000,-11.4253,False,
vp_snapshots_xctx,at_fire,selling,label.vwap_touch.support_break_acceptance_3bar,0.8775,3226.0000,2165.0000,638.2928,0.2948,0.5289,11.8804,6.0000,2165.0000,-598.0997,-0.2763,0.3173,599.8063,0.0000,217.0000,71.4139,0.3291,0.5300,natural,638.2928,0.2948,6.0000,71.4139,True,
forming_vp_snapshots_xctx_gapctx,at_fire,all,label.next_60m.took_profile_so_far_low,0.8766,22912.0000,15260.0000,-413.9513,-0.0271,0.3854,474.3507,1.0000,15259.0000,593.5152,0.0389,0.4345,95.5564,4.0000,1497.0000,-42.0696,-0.0281,0.3921,reversed,593.5152,0.0389,4.0000,42.0696,False,
forming_vp_snapshots_xctx,at_fire,all,label.next_60m.took_profile_so_far_low,0.8763,22912.0000,15260.0000,-413.9513,-0.0271,0.3854,474.3507,1.0000,15259.0000,593.5152,0.0389,0.4345,95.5564,4.0000,1497.0000,-42.0696,-0.0281,0.3921,reversed,593.5152,0.0389,4.0000,42.0696,False,
smt_previous_day_snapshots_xctx_fvggeom,at_period_close,low,label.n1_or_n2_thesis_confirmed_strict,0.8750,650.0000,459.0000,-104.7415,-0.2282,0.3617,106.1642,0.0000,459.0000,178.4481,0.3888,0.5664,7.3391,6.0000,42.0000,-10.6434,-0.2534,0.3810,reversed,178.4481,0.3888,6.0000,10.6434,False,
vp_snapshots_xctx,at_fire,selling,label.val_touch.support_break_acceptance_3bar,0.8744,3226.0000,2165.0000,638.2928,0.2948,0.5289,11.8804,6.0000,2165.0000,-598.0997,-0.2763,0.3173,599.8063,0.0000,217.0000,71.4139,0.3291,0.5300,natural,638.2928,0.2948,6.0000,71.4139,True,
forming_vp_snapshots_xctx_gapctx,at_fire,selling,label.next_60m.took_profile_so_far_high_rejected_inside,0.8734,4192.0000,2747.0000,-4.2639,-0.0016,0.4052,73.8985,3.0000,2746.0000,29.9874,0.0109,0.4312,42.7394,3.0000,294.0000,10.1608,0.0346,0.4150,reversed,29.9874,0.0109,3.0000,-10.1608,False,
vp_snapshots_xctx,at_fire,all,label.val_touch.support_break_acceptance_3bar,0.8726,15978.0000,10648.0000,-254.5697,-0.0239,0.3968,291.9839,2.0000,10648.0000,330.1246,0.0310,0.4464,119.2313,5.0000,1059.0000,-52.0636,-0.0492,0.3768,reversed,330.1246,0.0310,5.0000,52.0636,False,
macro_event_snapshots_xctx,at_fire,high,label.next_15m.range_expanded_2x_pre_60m,0.8673,3447.0000,2296.0000,-104.5425,-0.0455,0.3689,161.3630,2.0000,2296.0000,170.2603,0.0742,0.4386,46.8294,4.0000,221.0000,-35.4255,-0.1603,0.3167,reversed,170.2603,0.0742,4.0000,35.4255,False,
sweep_snapshots_xctx_fvggeom_obgeom,at_fire,low,label.ob_confirmation.did_confirm,0.8644,10006.0000,6564.0000,-1568.3639,-0.2389,0.3510,1568.9881,0.0000,6564.0000,2192.0893,0.3340,0.5105,25.1509,6.0000,676.0000,-187.5324,-0.2774,0.3269,reversed,2192.0893,0.3340,6.0000,187.5324,True,
macro_event_snapshots_xctx,at_fire,high,label.next_5m.range_expanded_2x_pre_15m,0.8644,3431.0000,2286.0000,-103.6117,-0.0453,0.3679,161.3630,2.0000,2286.0000,169.9005,0.0743,0.4388,46.8294,4.0000,252.0000,-12.1468,-0.0482,0.3849,reversed,169.9005,0.0743,4.0000,12.1468,False,
sweep_snapshots_xctx_fvggeom,at_fire,low,label.ob_confirmation.did_confirm,0.8637,10006.0000,6564.0000,-1568.3639,-0.2389,0.3510,1568.9881,0.0000,6564.0000,2192.0893,0.3340,0.5105,25.1509,6.0000,676.0000,-187.5324,-0.2774,0.3269,reversed,2192.0893,0.3340,6.0000,187.5324,True,
macro_event_snapshots_xctx,at_fire,all,label.next_5m.range_expanded_2x_pre_15m,0.8636,7024.0000,4680.0000,-160.9177,-0.0344,0.3748,223.6018,1.0000,4680.0000,233.6974,0.0499,0.4434,77.4219,5.0000,463.0000,-49.8455,-0.1077,0.3434,reversed,233.6974,0.0499,5.0000,49.8455,False,
forming_vp_snapshots_xctx,at_fire,selling,label.next_60m.took_profile_so_far_high_rejected_inside,0.8634,4192.0000,2747.0000,-4.2639,-0.0016,0.4052,73.8985,3.0000,2746.0000,29.9874,0.0109,0.4312,42.7394,3.0000,294.0000,10.1608,0.0346,0.4150,reversed,29.9874,0.0109,3.0000,-10.1608,False,
fvg_snapshots_xctx_fvggeom_obgeom,at_fire,all,label.zone_reaction.took_fvg_low,0.8633,106036.0000,69244.0000,10404.2763,0.1503,0.4884,90.9709,6.0000,69246.0000,-9419.0135,-0.1360,0.3654,9418.2245,0.0000,6907.0000,982.9432,0.1423,0.4811,natural,10404.2763,0.1503,6.0000,982.9432,True,
forming_vp_snapshots_xctx_gapctx,at_fire,buying,label.next_60m.took_profile_so_far_high,0.8610,5811.0000,3910.0000,154.5498,0.0395,0.4394,50.4314,4.0000,3910.0000,-70.9747,-0.0182,0.3829,171.8032,3.0000,399.0000,-11.4253,-0.0286,0.4211,natural,154.5498,0.0395,4.0000,-11.4253,False,
forming_vp_snapshots_xctx,at_fire,buying,label.next_60m.took_profile_so_far_high,0.8607,5811.0000,3910.0000,154.5498,0.0395,0.4394,50.4314,4.0000,3910.0000,-70.9747,-0.0182,0.3829,171.8032,3.0000,399.0000,-11.4253,-0.0286,0.4211,natural,154.5498,0.0395,4.0000,-11.4253,False,
2026-05-15_strict_opening_gap,at_fire,all,label.strict.next_240m.partial_touch_rejected,0.8454,,,,,,,,,,,,,,,,,,,,,,,,no_signal
opening_gap_snapshots_xctx_gapctx_obgeom_liqgeom_regime_strict,at_fire,all,label.strict.next_240m.partial_touch_rejected,0.8454,4277.0000,2850.0000,3.1742,0.0011,0.5011,61.0822,3.0000,2850.0000,14.4345,0.0051,0.4825,38.2254,3.0000,281.0000,0.4422,0.0016,0.4769,reversed,14.4345,0.0051,3.0000,-0.4422,False,
opening_gap_snapshots_xctx_gapctx_obgeom_liqgeom_regime,at_fire,all,label.next_240m.unfilled_at_window_end,0.8454,4277.0000,2850.0000,3.1742,0.0011,0.5011,61.0822,3.0000,2850.0000,14.4345,0.0051,0.4825,38.2254,3.0000,281.0000,0.4422,0.0016,0.4769,reversed,14.4345,0.0051,3.0000,-0.4422,False,
opening_gap_snapshots_xctx_gapctx_obgeom_liqgeom_regime,at_fire,all,label.next_240m.fully_filled,0.8454,4277.0000,2850.0000,3.1742,0.0011,0.5011,61.0822,3.0000,2850.0000,14.4345,0.0051,0.4825,38.2254,3.0000,281.0000,0.4422,0.0016,0.4769,reversed,14.4345,0.0051,3.0000,-0.4422,False,
opening_gap_snapshots_xctx_gapctx_obgeom_liqgeom_regime_strict,at_fire,all,label.strict.next_1d.partial_touch_rejected,0.8442,4277.0000,2850.0000,3.1742,0.0011,0.5011,61.0822,3.0000,2850.0000,14.4345,0.0051,0.4825,38.2254,3.0000,281.0000,0.4422,0.0016,0.4769,reversed,14.4345,0.0051,3.0000,-0.4422,False,
opening_gap_snapshots_xctx_gapctx_obgeom_liqgeom_regime_strict,at_fire,all,label.strict.next_1d.unfilled_clean_continuation,0.8393,4277.0000,2850.0000,3.1742,0.0011,0.5011,61.0822,3.0000,2850.0000,14.4345,0.0051,0.4825,38.2254,3.0000,281.0000,0.4422,0.0016,0.4769,reversed,14.4345,0.0051,3.0000,-0.4422,False,
opening_gap_snapshots_xctx_gapctx_obgeom_liqgeom_regime,at_fire,gap_up,label.next_240m.fully_filled,0.8341,2319.0000,1563.0000,16.7663,0.0107,0.5240,57.7755,3.0000,1563.0000,5.1753,0.0033,0.4619,32.4250,3.0000,154.0000,-4.5687,-0.0297,0.4935,natural,16.7663,0.0107,3.0000,-4.5687,False,
opening_gap_snapshots_xctx_gapctx_obgeom_liqgeom_regime,at_fire,gap_up,label.next_240m.unfilled_at_window_end,0.8341,2319.0000,1563.0000,16.7663,0.0107,0.5240,57.7755,3.0000,1563.0000,5.1753,0.0033,0.4619,32.4250,3.0000,154.0000,-4.5687,-0.0297,0.4935,natural,16.7663,0.0107,3.0000,-4.5687,False,
opening_gap_snapshots_xctx_gapctx_obgeom_liqgeom_regime_strict,at_fire,gap_up,label.strict.next_240m.partial_touch_rejected,0.8341,2319.0000,1563.0000,16.7663,0.0107,0.5240,57.7755,3.0000,1563.0000,5.1753,0.0033,0.4619,32.4250,3.0000,154.0000,-4.5687,-0.0297,0.4935,natural,16.7663,0.0107,3.0000,-4.5687,False,
opening_gap_snapshots_xctx_gapctx,at_fire,all,label.next_240m.unfilled_at_window_end,0.8338,4277.0000,2850.0000,3.1742,0.0011,0.5011,61.0822,3.0000,2850.0000,14.4345,0.0051,0.4825,38.2254,3.0000,281.0000,0.4422,0.0016,0.4769,reversed,14.4345,0.0051,3.0000,-0.4422,False,
opening_gap_snapshots_xctx_gapctx,at_fire,all,label.next_240m.fully_filled,0.8338,4277.0000,2850.0000,3.1742,0.0011,0.5011,61.0822,3.0000,2850.0000,14.4345,0.0051,0.4825,38.2254,3.0000,281.0000,0.4422,0.0016,0.4769,reversed,14.4345,0.0051,3.0000,-0.4422,False,
opening_gap_snapshots_xctx_gapctx_obgeom_liqgeom_regime,at_fire,gap_down,label.next_240m.unfilled_at_window_end,0.8325,1958.0000,1287.0000,-13.5921,-0.0106,0.4732,38.2621,2.0000,1287.0000,9.2591,0.0072,0.5074,29.4380,4.0000,136.0000,-5.3110,-0.0391,0.4632,reversed,9.2591,0.0072,4.0000,5.3110,False,
opening_gap_snapshots_xctx_gapctx_obgeom_liqgeom_regime_strict,at_fire,gap_down,label.strict.next_240m.partial_touch_rejected,0.8325,1958.0000,1287.0000,-13.5921,-0.0106,0.4732,38.2621,2.0000,1287.0000,9.2591,0.0072,0.5074,29.4380,4.0000,136.0000,-5.3110,-0.0391,0.4632,reversed,9.2591,0.0072,4.0000,5.3110,False,
opening_gap_snapshots_xctx_gapctx_obgeom_liqgeom_regime,at_fire,gap_down,label.next_240m.fully_filled,0.8325,1958.0000,1287.0000,-13.5921,-0.0106,0.4732,38.2621,2.0000,1287.0000,9.2591,0.0072,0.5074,29.4380,4.0000,136.0000,-5.3110,-0.0391,0.4632,reversed,9.2591,0.0072,4.0000,5.3110,False,
opening_gap_snapshots_xctx_gapctx_obgeom_liqgeom_regime_strict,at_fire,gap_up,label.strict.next_60m.partial_touch_rejected,0.8324,2319.0000,1563.0000,16.7663,0.0107,0.5240,57.7755,3.0000,1563.0000,5.1753,0.0033,0.4619,32.4250,3.0000,154.0000,-4.5687,-0.0297,0.4935,natural,16.7663,0.0107,3.0000,-4.5687,False,
opening_gap_snapshots_xctx_gapctx_obgeom_liqgeom_regime_strict,at_fire,all,label.strict.next_240m.unfilled_clean_continuation,0.8314,4277.0000,2850.0000,3.1742,0.0011,0.5011,61.0822,3.0000,2850.0000,14.4345,0.0051,0.4825,38.2254,3.0000,281.0000,0.4422,0.0016,0.4769,reversed,14.4345,0.0051,3.0000,-0.4422,False,
opening_gap_snapshots_xctx_gapctx_obgeom_liqgeom_regime_strict,at_fire,all,label.strict.next_60m.partial_touch_rejected,0.8309,4277.0000,2850.0000,3.1742,0.0011,0.5011,61.0822,3.0000,2850.0000,14.4345,0.0051,0.4825,38.2254,3.0000,281.0000,0.4422,0.0016,0.4769,reversed,14.4345,0.0051,3.0000,-0.4422,False,
opening_gap_snapshots_xctx_gapctx_obgeom_liqgeom_regime,at_fire,all,label.next_60m.fully_filled,0.8300,4277.0000,2850.0000,3.1742,0.0011,0.5011,61.0822,3.0000,2850.0000,14.4345,0.0051,0.4825,38.2254,3.0000,281.0000,0.4422,0.0016,0.4769,reversed,14.4345,0.0051,3.0000,-0.4422,False,
opening_gap_snapshots_xctx_gapctx_obgeom_liqgeom_regime,at_fire,all,label.next_60m.unfilled_at_window_end,0.8300,4277.0000,2850.0000,3.1742,0.0011,0.5011,61.0822,3.0000,2850.0000,14.4345,0.0051,0.4825,38.2254,3.0000,281.0000,0.4422,0.0016,0.4769,reversed,14.4345,0.0051,3.0000,-0.4422,False,
opening_gap_snapshots_xctx_gapctx_obgeom_liqgeom_regime,at_fire,gap_up,label.next_60m.unfilled_at_window_end,0.8295,2319.0000,1563.0000,16.7663,0.0107,0.5240,57.7755,3.0000,1563.0000,5.1753,0.0033,0.4619,32.4250,3.0000,154.0000,-4.5687,-0.0297,0.4935,natural,16.7663,0.0107,3.0000,-4.5687,False,
opening_gap_snapshots_xctx_gapctx_obgeom_liqgeom_regime,at_fire,gap_up,label.next_60m.fully_filled,0.8295,2319.0000,1563.0000,16.7663,0.0107,0.5240,57.7755,3.0000,1563.0000,5.1753,0.0033,0.4619,32.4250,3.0000,154.0000,-4.5687,-0.0297,0.4935,natural,16.7663,0.0107,3.0000,-4.5687,False,
opening_gap_snapshots_xctx_gapctx,at_fire,gap_down,label.next_240m.fully_filled,0.8294,1958.0000,1287.0000,-13.5921,-0.0106,0.4732,38.2621,2.0000,1287.0000,9.2591,0.0072,0.5074,29.4380,4.0000,136.0000,-5.3110,-0.0391,0.4632,reversed,9.2591,0.0072,4.0000,5.3110,False,
opening_gap_snapshots_xctx_gapctx,at_fire,gap_down,label.next_240m.unfilled_at_window_end,0.8294,1958.0000,1287.0000,-13.5921,-0.0106,0.4732,38.2621,2.0000,1287.0000,9.2591,0.0072,0.5074,29.4380,4.0000,136.0000,-5.3110,-0.0391,0.4632,reversed,9.2591,0.0072,4.0000,5.3110,False,
opening_gap_snapshots_xctx_gapctx_obgeom_liqgeom_regime_strict,at_fire,gap_down,label.strict.next_60m.partial_touch_rejected,0.8291,1958.0000,1287.0000,-13.5921,-0.0106,0.4732,38.2621,2.0000,1287.0000,9.2591,0.0072,0.5074,29.4380,4.0000,136.0000,-5.3110,-0.0391,0.4632,reversed,9.2591,0.0072,4.0000,5.3110,False,
opening_gap_snapshots_xctx_gapctx_obgeom_liqgeom_regime_strict,at_fire,gap_down,label.strict.next_240m.unfilled_clean_continuation,0.8278,1958.0000,1287.0000,-13.5921,-0.0106,0.4732,38.2621,2.0000,1287.0000,9.2591,0.0072,0.5074,29.4380,4.0000,136.0000,-5.3110,-0.0391,0.4632,reversed,9.2591,0.0072,4.0000,5.3110,False,
sweep_snapshots_xctx_fvggeom_obgeom_liqgeom_regime,at_fire,high,label.swept_reference_reaction.first_bar_down_then_final_up,0.8258,11830.0000,7977.0000,-1618.9715,-0.2030,0.3381,1625.6570,0.0000,7977.0000,2169.9565,0.2720,0.5370,16.4537,6.0000,787.0000,-128.6681,-0.1635,0.3482,reversed,2169.9565,0.2720,6.0000,128.6681,True,
macro_event_snapshots_xctx,at_fire,all,label.next_15m.one_sided_took_pre_60m_high,0.8231,7041.0000,4690.0000,-161.8486,-0.0345,0.3753,223.6018,1.0000,4690.0000,234.0572,0.0499,0.4433,77.4219,5.0000,468.0000,4.9905,0.0107,0.3953,reversed,234.0572,0.0499,5.0000,-4.9905,False,
opening_gap_snapshots_xctx_gapctx,at_fire,all,label.next_1d.fully_filled,0.8228,4277.0000,2850.0000,3.1742,0.0011,0.5011,61.0822,3.0000,2850.0000,14.4345,0.0051,0.4825,38.2254,3.0000,281.0000,0.4422,0.0016,0.4769,reversed,14.4345,0.0051,3.0000,-0.4422,False,
opening_gap_snapshots_xctx_gapctx,at_fire,all,label.next_60m.fully_filled,0.8222,4277.0000,2850.0000,3.1742,0.0011,0.5011,61.0822,3.0000,2850.0000,14.4345,0.0051,0.4825,38.2254,3.0000,281.0000,0.4422,0.0016,0.4769,reversed,14.4345,0.0051,3.0000,-0.4422,False,
opening_gap_snapshots_xctx_gapctx,at_fire,all,label.next_60m.unfilled_at_window_end,0.8222,4277.0000,2850.0000,3.1742,0.0011,0.5011,61.0822,3.0000,2850.0000,14.4345,0.0051,0.4825,38.2254,3.0000,281.0000,0.4422,0.0016,0.4769,reversed,14.4345,0.0051,3.0000,-0.4422,False,
opening_gap_snapshots_xctx_gapctx_obgeom_liqgeom_regime_strict,at_fire,gap_up,label.strict.next_240m.unfilled_clean_continuation,0.8221,2319.0000,1563.0000,16.7663,0.0107,0.5240,57.7755,3.0000,1563.0000,5.1753,0.0033,0.4619,32.4250,3.0000,154.0000,-4.5687,-0.0297,0.4935,natural,16.7663,0.0107,3.0000,-4.5687,False,
opening_gap_snapshots_xctx_gapctx,at_fire,gap_up,label.next_60m.unfilled_at_window_end,0.8170,2319.0000,1563.0000,16.7663,0.0107,0.5240,57.7755,3.0000,1563.0000,5.1753,0.0033,0.4619,32.4250,3.0000,154.0000,-4.5687,-0.0297,0.4935,natural,16.7663,0.0107,3.0000,-4.5687,False,
opening_gap_snapshots_xctx_gapctx,at_fire,gap_up,label.next_60m.fully_filled,0.8170,2319.0000,1563.0000,16.7663,0.0107,0.5240,57.7755,3.0000,1563.0000,5.1753,0.0033,0.4619,32.4250,3.0000,154.0000,-4.5687,-0.0297,0.4935,natural,16.7663,0.0107,3.0000,-4.5687,False,
opening_gap_snapshots_xctx_gapctx,at_fire,gap_up,label.next_240m.unfilled_at_window_end,0.8169,2319.0000,1563.0000,16.7663,0.0107,0.5240,57.7755,3.0000,1563.0000,5.1753,0.0033,0.4619,32.4250,3.0000,154.0000,-4.5687,-0.0297,0.4935,natural,16.7663,0.0107,3.0000,-4.5687,False,
opening_gap_snapshots_xctx_gapctx,at_fire,gap_up,label.next_240m.fully_filled,0.8169,2319.0000,1563.0000,16.7663,0.0107,0.5240,57.7755,3.0000,1563.0000,5.1753,0.0033,0.4619,32.4250,3.0000,154.0000,-4.5687,-0.0297,0.4935,natural,16.7663,0.0107,3.0000,-4.5687,False,
opening_gap_snapshots_xctx_gapctx_obgeom_liqgeom_regime_strict,at_fire,gap_up,label.strict.next_1d.partial_touch_rejected,0.8131,2319.0000,1563.0000,16.7663,0.0107,0.5240,57.7755,3.0000,1563.0000,5.1753,0.0033,0.4619,32.4250,3.0000,154.0000,-4.5687,-0.0297,0.4935,natural,16.7663,0.0107,3.0000,-4.5687,False,
opening_gap_snapshots_xctx_gapctx_obgeom_liqgeom_regime_strict,at_fire,gap_up,label.strict.next_1d.unfilled_clean_continuation,0.8116,2319.0000,1563.0000,16.7663,0.0107,0.5240,57.7755,3.0000,1563.0000,5.1753,0.0033,0.4619,32.4250,3.0000,154.0000,-4.5687,-0.0297,0.4935,natural,16.7663,0.0107,3.0000,-4.5687,False,
tp_snapshots_xctx_fvggeom_obgeom,at_fire,all,label.next_period.took_parent_high,0.8083,5151.0000,3384.0000,301.8273,0.0892,0.5461,19.0992,6.0000,3384.0000,-274.0121,-0.0810,0.4353,285.1350,0.0000,362.0000,30.8376,0.0852,0.5718,natural,301.8273,0.0892,6.0000,30.8376,True,
opening_gap_snapshots_xctx_gapctx_obgeom_liqgeom_regime_strict,at_fire,all,label.strict.next_1d.failed_fill_expanded_away,0.7975,4277.0000,2850.0000,3.1742,0.0011,0.5011,61.0822,3.0000,2850.0000,14.4345,0.0051,0.4825,38.2254,3.0000,281.0000,0.4422,0.0016,0.4769,reversed,14.4345,0.0051,3.0000,-0.4422,False,
sweep_snapshots_xctx_fvggeom_obgeom,at_fire,low,label.swept_level_recovery.level_recovered,0.7972,10006.0000,6564.0000,-1568.3639,-0.2389,0.3510,1568.9881,0.0000,6564.0000,2192.0893,0.3340,0.5105,25.1509,6.0000,676.0000,-187.5324,-0.2774,0.3269,reversed,2192.0893,0.3340,6.0000,187.5324,True,
sweep_snapshots_xctx_fvggeom,at_fire,low,label.swept_level_recovery.level_recovered,0.7968,10006.0000,6564.0000,-1568.3639,-0.2389,0.3510,1568.9881,0.0000,6564.0000,2192.0893,0.3340,0.5105,25.1509,6.0000,676.0000,-187.5324,-0.2774,0.3269,reversed,2192.0893,0.3340,6.0000,187.5324,True,
itr_snapshots_xctx,at_fire,bearish,label.next_interval.range_expanded_2x_interval,0.7951,6903.0000,2830.0000,-132.9364,-0.0470,0.3336,170.2964,1.0000,2830.0000,143.7398,0.0508,0.3845,48.2452,3.0000,280.0000,-50.0717,-0.1788,0.2964,reversed,143.7398,0.0508,3.0000,50.0717,False,
sweep_snapshots_xctx_fvggeom_obgeom,at_fire,all,label.swept_level_recovery.level_recovered,0.7949,21836.0000,14541.0000,-3187.3355,-0.2192,0.3439,3193.8541,0.0000,14541.0000,4362.0458,0.3000,0.5251,25.9198,6.0000,1464.0000,-309.7415,-0.2116,0.3525,reversed,4362.0458,0.3000,6.0000,309.7415,True,
itr_snapshots_xctx,at_fire,bullish,label.next_interval.compressed_range_0_75x,0.7942,7792.0000,3206.0000,148.2995,0.0463,0.3752,69.7402,5.0000,3206.0000,-92.4919,-0.0288,0.3362,113.2367,3.0000,333.0000,32.9458,0.0989,0.3874,natural,148.2995,0.0463,5.0000,32.9458,False,
itr_snapshots_xctx,at_fire,all,label.next_interval.range_expanded_2x_interval,0.7937,14768.0000,6075.0000,30.2332,0.0050,0.3562,155.2653,4.0000,6075.0000,62.3279,0.0103,0.3592,97.4602,4.0000,607.0000,24.2162,0.0399,0.3789,reversed,62.3279,0.0103,4.0000,-24.2162,False,
sweep_snapshots_xctx_fvggeom_obgeom_liqgeom_regime,at_fire,high,label.swept_level_recovery.level_recovered,0.7936,11830.0000,7977.0000,-1618.9715,-0.2030,0.3381,1625.6570,0.0000,7977.0000,2169.9565,0.2720,0.5370,16.4537,6.0000,787.0000,-128.6681,-0.1635,0.3482,reversed,2169.9565,0.2720,6.0000,128.6681,True,
sweep_snapshots_xctx_fvggeom,at_fire,all,label.swept_level_recovery.level_recovered,0.7926,21836.0000,14541.0000,-3187.3355,-0.2192,0.3439,3193.8541,0.0000,14541.0000,4362.0458,0.3000,0.5251,25.9198,6.0000,1464.0000,-309.7415,-0.2116,0.3525,reversed,4362.0458,0.3000,6.0000,309.7415,True,
itr_snapshots_xctx,at_fire,bullish,label.next_interval.range_expanded_2x_interval,0.7905,7792.0000,3206.0000,148.2995,0.0463,0.3752,69.7402,5.0000,3206.0000,-92.4919,-0.0288,0.3362,113.2367,3.0000,333.0000,32.9458,0.0989,0.3874,natural,148.2995,0.0463,5.0000,32.9458,False,
itr_snapshots_xctx,at_fire,all,label.next_interval.compressed_range_0_75x,0.7905,14768.0000,6075.0000,30.2332,0.0050,0.3562,155.2653,4.0000,6075.0000,62.3279,0.0103,0.3592,97.4602,4.0000,607.0000,24.2162,0.0399,0.3789,reversed,62.3279,0.0103,4.0000,-24.2162,False,
tp_snapshots_xctx_fvggeom_obgeom,at_fire,all,label.next_period.took_parent_low,0.7854,5151.0000,3384.0000,301.8273,0.0892,0.5461,19.0992,6.0000,3384.0000,-274.0121,-0.0810,0.4353,285.1350,0.0000,362.0000,30.8376,0.0852,0.5718,natural,301.8273,0.0892,6.0000,30.8376,True,
opening_gap_snapshots_xctx_gapctx,at_fire,gap_up,label.next_1d.fully_filled,0.7827,2319.0000,1563.0000,16.7663,0.0107,0.5240,57.7755,3.0000,1563.0000,5.1753,0.0033,0.4619,32.4250,3.0000,154.0000,-4.5687,-0.0297,0.4935,natural,16.7663,0.0107,3.0000,-4.5687,False,
itr_snapshots_xctx,at_fire,bearish,label.next_interval.compressed_range_0_75x,0.7806,6903.0000,2830.0000,-132.9364,-0.0470,0.3336,170.2964,1.0000,2830.0000,143.7398,0.0508,0.3845,48.2452,3.0000,280.0000,-50.0717,-0.1788,0.2964,reversed,143.7398,0.0508,3.0000,50.0717,False,
macro_event_type_breakdown,at_fire,all,label.next_5m.range_expanded_2x_pre_15m,0.7767,,,,,,,,,,,,,,,,,,,,,,,,err:FileNotFoundError
sweep_snapshots_xctx_fvggeom_obgeom,at_fire,high,label.swept_level_recovery.level_recovered,0.7745,11830.0000,7977.0000,-1618.9715,-0.2030,0.3381,1625.6570,0.0000,7977.0000,2169.9565,0.2720,0.5370,16.4537,6.0000,787.0000,-128.6681,-0.1635,0.3482,reversed,2169.9565,0.2720,6.0000,128.6681,True,
opening_gap_snapshots_xctx_gapctx_obgeom_liqgeom_regime_strict,at_fire,all,label.strict.next_1d.filled_then_continued_through,0.7730,4277.0000,2850.0000,3.1742,0.0011,0.5011,61.0822,3.0000,2850.0000,14.4345,0.0051,0.4825,38.2254,3.0000,281.0000,0.4422,0.0016,0.4769,reversed,14.4345,0.0051,3.0000,-0.4422,False,
sweep_snapshots_xctx_fvggeom,at_fire,high,label.swept_level_recovery.level_recovered,0.7719,11830.0000,7977.0000,-1618.9715,-0.2030,0.3381,1625.6570,0.0000,7977.0000,2169.9565,0.2720,0.5370,16.4537,6.0000,787.0000,-128.6681,-0.1635,0.3482,reversed,2169.9565,0.2720,6.0000,128.6681,True,
macro_event_snapshots_xctx,at_fire,high,label.next_15m.swept_both_pre_60m_sides,0.7708,3447.0000,2296.0000,-104.5425,-0.0455,0.3689,161.3630,2.0000,2296.0000,170.2603,0.0742,0.4386,46.8294,4.0000,221.0000,-35.4255,-0.1603,0.3167,reversed,170.2603,0.0742,4.0000,35.4255,False,
itr_snapshots_xctx,at_fire,bullish,label.next_interval.range_expanded_1x_interval,0.7707,7792.0000,3206.0000,148.2995,0.0463,0.3752,69.7402,5.0000,3206.0000,-92.4919,-0.0288,0.3362,113.2367,3.0000,333.0000,32.9458,0.0989,0.3874,natural,148.2995,0.0463,5.0000,32.9458,False,
itr_snapshots_xctx,at_fire,all,label.next_interval.expanded_range_1_25x,0.7703,14768.0000,6075.0000,30.2332,0.0050,0.3562,155.2653,4.0000,6075.0000,62.3279,0.0103,0.3592,97.4602,4.0000,607.0000,24.2162,0.0399,0.3789,reversed,62.3279,0.0103,4.0000,-24.2162,False,
smt_previous_day_snapshots_xctx_fvggeom,at_period_close,high,label.n2_thesis_confirmed_strict,0.7696,691.0000,495.0000,-173.8581,-0.3512,0.2667,173.7588,0.0000,495.0000,165.3959,0.3341,0.6202,4.5872,6.0000,50.0000,-22.8739,-0.4575,0.1600,reversed,165.3959,0.3341,6.0000,22.8739,False,
itr_snapshots_xctx,at_fire,all,label.next_interval.range_expanded_1x_interval,0.7692,14768.0000,6075.0000,30.2332,0.0050,0.3562,155.2653,4.0000,6075.0000,62.3279,0.0103,0.3592,97.4602,4.0000,607.0000,24.2162,0.0399,0.3789,reversed,62.3279,0.0103,4.0000,-24.2162,False,
itr_snapshots_xctx,at_fire,bullish,label.next_interval.expanded_range_1_25x,0.7671,7792.0000,3206.0000,148.2995,0.0463,0.3752,69.7402,5.0000,3206.0000,-92.4919,-0.0288,0.3362,113.2367,3.0000,333.0000,32.9458,0.0989,0.3874,natural,148.2995,0.0463,5.0000,32.9458,False,
itr_snapshots_xctx,at_fire,bearish,label.next_interval.expanded_range_1_25x,0.7622,6903.0000,2830.0000,-132.9364,-0.0470,0.3336,170.2964,1.0000,2830.0000,143.7398,0.0508,0.3845,48.2452,3.0000,280.0000,-50.0717,-0.1788,0.2964,reversed,143.7398,0.0508,3.0000,50.0717,False,
itr_snapshots_xctx,at_fire,bearish,label.next_interval.range_expanded_1x_interval,0.7595,6903.0000,2830.0000,-132.9364,-0.0470,0.3336,170.2964,1.0000,2830.0000,143.7398,0.0508,0.3845,48.2452,3.0000,280.0000,-50.0717,-0.1788,0.2964,reversed,143.7398,0.0508,3.0000,50.0717,False,
smt_previous_day_snapshots_xctx_fvggeom,at_period_close,all,label.n2_thesis_confirmed_strict,0.7529,1331.0000,948.0000,-275.2172,-0.2903,0.3133,275.1179,0.0000,948.0000,337.3900,0.3559,0.5928,6.1146,6.0000,90.0000,-29.8511,-0.3317,0.2889,reversed,337.3900,0.3559,6.0000,29.8511,True,
fvg_snapshots_xctx_fvggeom_obgeom,at_fire,all,label.zone_reaction.closed_inside_fvg_range,0.7492,106036.0000,69244.0000,10404.2763,0.1503,0.4884,90.9709,6.0000,69246.0000,-9419.0135,-0.1360,0.3654,9418.2245,0.0000,6907.0000,982.9432,0.1423,0.4811,natural,10404.2763,0.1503,6.0000,982.9432,True,
fvg_snapshots_xctx_fvggeom_obgeom,at_fire,all,label.zone_reaction.closed_outside_fvg_range,0.7492,106036.0000,69244.0000,10404.2763,0.1503,0.4884,90.9709,6.0000,69246.0000,-9419.0135,-0.1360,0.3654,9418.2245,0.0000,6907.0000,982.9432,0.1423,0.4811,natural,10404.2763,0.1503,6.0000,982.9432,True,
opening_gap_snapshots_xctx_gapctx_obgeom_liqgeom_regime_strict,at_fire,gap_up,label.strict.next_1d.filled_then_continued_through,0.7490,2319.0000,1563.0000,16.7663,0.0107,0.5240,57.7755,3.0000,1563.0000,5.1753,0.0033,0.4619,32.4250,3.0000,154.0000,-4.5687,-0.0297,0.4935,natural,16.7663,0.0107,3.0000,-4.5687,False,
tp_snapshots_xctx_fvggeom_obgeom,at_fire,bullish,label.next_period.took_parent_low,0.7489,2758.0000,1826.0000,151.6435,0.0830,0.5619,29.4463,5.0000,1826.0000,-147.5239,-0.0808,0.4157,156.9681,0.0000,178.0000,8.7124,0.0489,0.5506,natural,151.6435,0.0830,5.0000,8.7124,False,
smt_previous_day_snapshots_xctx_fvggeom,at_period_close,low,label.n2_thesis_confirmed_strict,0.7478,640.0000,453.0000,-101.3591,-0.2238,0.3642,103.0969,0.0000,453.0000,171.9941,0.3797,0.5629,7.3391,6.0000,45.0000,-11.7066,-0.2601,0.3778,reversed,171.9941,0.3797,6.0000,11.7066,False,
fvg_snapshots_xctx_fvggeom_obgeom,at_fire,bearish,label.zone_reaction.took_fvg_low_rejected_inside,0.7473,48708.0000,31529.0000,4372.4568,0.1387,0.4528,119.6853,6.0000,31529.0000,-3880.9012,-0.1231,0.3845,3899.3890,0.0000,3164.0000,447.0878,0.1413,0.4504,natural,4372.4568,0.1387,6.0000,447.0878,True,
fvg_snapshots_xctx_fvggeom_obgeom,at_fire,bearish,label.zone_reaction.closed_inside_fvg_range,0.7471,48708.0000,31529.0000,4372.4568,0.1387,0.4528,119.6853,6.0000,31529.0000,-3880.9012,-0.1231,0.3845,3899.3890,0.0000,3164.0000,447.0878,0.1413,0.4504,natural,4372.4568,0.1387,6.0000,447.0878,True,
fvg_snapshots_xctx_fvggeom_obgeom,at_fire,bearish,label.zone_reaction.closed_outside_fvg_range,0.7471,48708.0000,31529.0000,4372.4568,0.1387,0.4528,119.6853,6.0000,31529.0000,-3880.9012,-0.1231,0.3845,3899.3890,0.0000,3164.0000,447.0878,0.1413,0.4504,natural,4372.4568,0.1387,6.0000,447.0878,True,
fvg_snapshots_xctx_fvggeom_obgeom,at_fire,all,label.mitigation.fully_filled,0.7373,106036.0000,69244.0000,10404.2763,0.1503,0.4884,90.9709,6.0000,69246.0000,-9419.0135,-0.1360,0.3654,9418.2245,0.0000,6907.0000,982.9432,0.1423,0.4811,natural,10404.2763,0.1503,6.0000,982.9432,True,
opening_gap_snapshots_xctx_gapctx_obgeom_liqgeom_regime_strict,at_fire,gap_up,label.strict.next_240m.filled_then_continued_through,0.7366,2319.0000,1563.0000,16.7663,0.0107,0.5240,57.7755,3.0000,1563.0000,5.1753,0.0033,0.4619,32.4250,3.0000,154.0000,-4.5687,-0.0297,0.4935,natural,16.7663,0.0107,3.0000,-4.5687,False,
fvg_snapshots_xctx_fvggeom_obgeom,at_fire,all,label.zone_reaction.took_fvg_low_rejected_inside,0.7363,106036.0000,69244.0000,10404.2763,0.1503,0.4884,90.9709,6.0000,69246.0000,-9419.0135,-0.1360,0.3654,9418.2245,0.0000,6907.0000,982.9432,0.1423,0.4811,natural,10404.2763,0.1503,6.0000,982.9432,True,
fvg_snapshots_xctx_fvggeom_obgeom,at_fire,bullish,label.zone_reaction.closed_inside_fvg_range,0.7350,57328.0000,37715.0000,6031.8195,0.1599,0.5182,90.6332,6.0000,37717.0000,-5538.1123,-0.1468,0.3494,5554.7705,0.0000,3764.0000,550.5085,0.1463,0.5133,natural,6031.8195,0.1599,6.0000,550.5085,True,
fvg_snapshots_xctx_fvggeom_obgeom,at_fire,bullish,label.zone_reaction.closed_outside_fvg_range,0.7350,57328.0000,37715.0000,6031.8195,0.1599,0.5182,90.6332,6.0000,37717.0000,-5538.1123,-0.1468,0.3494,5554.7705,0.0000,3764.0000,550.5085,0.1463,0.5133,natural,6031.8195,0.1599,6.0000,550.5085,True,
fvg_snapshots_xctx_fvggeom_obgeom,at_fire,bullish,label.zone_reaction.took_fvg_high_rejected_inside,0.7343,57328.0000,37715.0000,6031.8195,0.1599,0.5182,90.6332,6.0000,37717.0000,-5538.1123,-0.1468,0.3494,5554.7705,0.0000,3764.0000,550.5085,0.1463,0.5133,natural,6031.8195,0.1599,6.0000,550.5085,True,
tp_snapshots_xctx_fvggeom_obgeom,at_fire,bearish,label.next_period.took_parent_high,0.7337,2381.0000,1551.0000,149.7714,0.0966,0.5280,11.4959,6.0000,1551.0000,-125.9184,-0.0812,0.4578,139.3423,0.0000,146.0000,6.0206,0.0412,0.4795,natural,149.7714,0.0966,6.0000,6.0206,False,
tp_snapshots_xctx_fvggeom_obgeom,at_fire,bullish,label.next_period.thesis_confirmed,0.7326,2758.0000,1826.0000,151.6435,0.0830,0.5619,29.4463,5.0000,1826.0000,-147.5239,-0.0808,0.4157,156.9681,0.0000,178.0000,8.7124,0.0489,0.5506,natural,151.6435,0.0830,5.0000,8.7124,False,
tp_snapshots_xctx_fvggeom_obgeom,at_fire,bullish,label.next_period.took_parent_high,0.7326,2758.0000,1826.0000,151.6435,0.0830,0.5619,29.4463,5.0000,1826.0000,-147.5239,-0.0808,0.4157,156.9681,0.0000,178.0000,8.7124,0.0489,0.5506,natural,151.6435,0.0830,5.0000,8.7124,False,
sweep_snapshots_xctx_fvggeom_obgeom,at_fire,high,label.manipulation_range_reaction.one_sided_took_manipulation_high,0.7243,11830.0000,7977.0000,-1618.9715,-0.2030,0.3381,1625.6570,0.0000,7977.0000,2169.9565,0.2720,0.5370,16.4537,6.0000,787.0000,-128.6681,-0.1635,0.3482,reversed,2169.9565,0.2720,6.0000,128.6681,True,
sweep_snapshots_xctx_fvggeom_obgeom,at_fire,high,label.manipulation_range_reaction.took_manipulation_low,0.7239,11830.0000,7977.0000,-1618.9715,-0.2030,0.3381,1625.6570,0.0000,7977.0000,2169.9565,0.2720,0.5370,16.4537,6.0000,787.0000,-128.6681,-0.1635,0.3482,reversed,2169.9565,0.2720,6.0000,128.6681,True,
sweep_snapshots_xctx_fvggeom,at_fire,high,label.manipulation_range_reaction.one_sided_took_manipulation_high,0.7231,11830.0000,7977.0000,-1618.9715,-0.2030,0.3381,1625.6570,0.0000,7977.0000,2169.9565,0.2720,0.5370,16.4537,6.0000,787.0000,-128.6681,-0.1635,0.3482,reversed,2169.9565,0.2720,6.0000,128.6681,True,
sweep_snapshots_xctx_fvggeom_obgeom,at_fire,low,label.manipulation_range_reaction.took_manipulation_high,0.7224,10006.0000,6564.0000,-1568.3639,-0.2389,0.3510,1568.9881,0.0000,6564.0000,2192.0893,0.3340,0.5105,25.1509,6.0000,676.0000,-187.5324,-0.2774,0.3269,reversed,2192.0893,0.3340,6.0000,187.5324,True,
sweep_snapshots_xctx_fvggeom,at_fire,high,label.manipulation_range_reaction.took_manipulation_low,0.7208,11830.0000,7977.0000,-1618.9715,-0.2030,0.3381,1625.6570,0.0000,7977.0000,2169.9565,0.2720,0.5370,16.4537,6.0000,787.0000,-128.6681,-0.1635,0.3482,reversed,2169.9565,0.2720,6.0000,128.6681,True,
sweep_snapshots_xctx_fvggeom_obgeom,at_fire,low,label.manipulation_range_reaction.one_sided_took_manipulation_low,0.7208,10006.0000,6564.0000,-1568.3639,-0.2389,0.3510,1568.9881,0.0000,6564.0000,2192.0893,0.3340,0.5105,25.1509,6.0000,676.0000,-187.5324,-0.2774,0.3269,reversed,2192.0893,0.3340,6.0000,187.5324,True,
fvg_snapshots_xctx_fvggeom_obgeom_strict,at_fire,all,label.strict.no_touch_continuation,0.7195,106156.0000,69313.0000,10420.5402,0.1503,0.4886,90.9709,6.0000,69315.0000,-9430.5317,-0.1361,0.3653,9429.7426,0.0000,6930.0000,1188.6319,0.1715,0.4973,natural,10420.5402,0.1503,6.0000,1188.6319,True,
fvg_snapshots_xctx_fvggeom_obgeom_strict,at_fire,all,label.strict.forward_10c.after_tap_failed_1x_against,0.7186,106156.0000,69313.0000,10420.5402,0.1503,0.4886,90.9709,6.0000,69315.0000,-9430.5317,-0.1361,0.3653,9429.7426,0.0000,6930.0000,1188.6319,0.1715,0.4973,natural,10420.5402,0.1503,6.0000,1188.6319,True,
sweep_snapshots_xctx_fvggeom,at_fire,low,label.manipulation_range_reaction.took_manipulation_high,0.7181,10006.0000,6564.0000,-1568.3639,-0.2389,0.3510,1568.9881,0.0000,6564.0000,2192.0893,0.3340,0.5105,25.1509,6.0000,676.0000,-187.5324,-0.2774,0.3269,reversed,2192.0893,0.3340,6.0000,187.5324,True,
sweep_snapshots_xctx_fvggeom,at_fire,low,label.manipulation_range_reaction.one_sided_took_manipulation_low,0.7142,10006.0000,6564.0000,-1568.3639,-0.2389,0.3510,1568.9881,0.0000,6564.0000,2192.0893,0.3340,0.5105,25.1509,6.0000,676.0000,-187.5324,-0.2774,0.3269,reversed,2192.0893,0.3340,6.0000,187.5324,True,
sweep_snapshots_xctx_fvggeom,at_fire,all,label.manipulation_range_reaction.took_manipulation_high,0.7038,21836.0000,14541.0000,-3187.3355,-0.2192,0.3439,3193.8541,0.0000,14541.0000,4362.0458,0.3000,0.5251,25.9198,6.0000,1464.0000,-309.7415,-0.2116,0.3525,reversed,4362.0458,0.3000,6.0000,309.7415,True,
sweep_snapshots_xctx_fvggeom,at_fire,all,label.manipulation_range_reaction.one_sided_took_manipulation_low,0.7029,21836.0000,14541.0000,-3187.3355,-0.2192,0.3439,3193.8541,0.0000,14541.0000,4362.0458,0.3000,0.5251,25.9198,6.0000,1464.0000,-309.7415,-0.2116,0.3525,reversed,4362.0458,0.3000,6.0000,309.7415,True,
sweep_snapshots_xctx_fvggeom_obgeom,at_fire,all,label.manipulation_range_reaction.took_manipulation_high,0.7009,21836.0000,14541.0000,-3187.3355,-0.2192,0.3439,3193.8541,0.0000,14541.0000,4362.0458,0.3000,0.5251,25.9198,6.0000,1464.0000,-309.7415,-0.2116,0.3525,reversed,4362.0458,0.3000,6.0000,309.7415,True,
sweep_snapshots_xctx_fvggeom_obgeom,at_fire,all,label.manipulation_range_reaction.one_sided_took_manipulation_low,0.6987,21836.0000,14541.0000,-3187.3355,-0.2192,0.3439,3193.8541,0.0000,14541.0000,4362.0458,0.3000,0.5251,25.9198,6.0000,1464.0000,-309.7415,-0.2116,0.3525,reversed,4362.0458,0.3000,6.0000,309.7415,True,
fvg_snapshots_xctx_fvggeom_obgeom_strict,at_fire,all,label.strict.forward_10c.after_tap_1x_clean,0.6948,106156.0000,69313.0000,10420.5402,0.1503,0.4886,90.9709,6.0000,69315.0000,-9430.5317,-0.1361,0.3653,9429.7426,0.0000,6930.0000,1188.6319,0.1715,0.4973,natural,10420.5402,0.1503,6.0000,1188.6319,True,
tp_snapshots_xctx_fvggeom_obgeom,at_fire,all,label.next_period.thesis_confirmed,0.6942,5151.0000,3384.0000,301.8273,0.0892,0.5461,19.0992,6.0000,3384.0000,-274.0121,-0.0810,0.4353,285.1350,0.0000,362.0000,30.8376,0.0852,0.5718,natural,301.8273,0.0892,6.0000,30.8376,True,
tp_snapshots_xctx_fvggeom_obgeom,at_fire,bearish,label.next_period.thesis_confirmed,0.6795,2381.0000,1551.0000,149.7714,0.0966,0.5280,11.4959,6.0000,1551.0000,-125.9184,-0.0812,0.4578,139.3423,0.0000,146.0000,6.0206,0.0412,0.4795,natural,149.7714,0.0966,6.0000,6.0206,False,
tp_snapshots_xctx_fvggeom_obgeom,at_fire,bearish,label.next_period.took_parent_low,0.6795,2381.0000,1551.0000,149.7714,0.0966,0.5280,11.4959,6.0000,1551.0000,-125.9184,-0.0812,0.4578,139.3423,0.0000,146.0000,6.0206,0.0412,0.4795,natural,149.7714,0.0966,6.0000,6.0206,False,
